cc9bd462-1e6d-4c1a-896c-4b73ad633062,audi
086c8661-31a6-4063-b3fd-a94a5fb4952d,cadillac
28db5797-e383-41d6-bebe-1b1177dedf70,chrysler
d12ae808-1ff8-408c-87a5-8f0fdad719cc,ford
2a8eae48-6fd4-43de-b0d0-f412ff21c4ec,honda
06f9a3ce-e9ed-4a93-974a-e1b943bc6e1a,infiniti
1c44950f-97ed-4139-85e7-d9ef9b0c5edf,kia
3cd50dfc-bd4b-4fda-8cad-fcfcab421d5e,mazda
1a3c0e25-da97-42fb-b5c0-b1bdfe37d935,mitsubishi
f32de4d3-b3ac-4d97-862d-07e6ab9d01b6,pontiac
5874c7d7-8558-48f8-80c2-feb86cec879a,suzuki
997efbaa-ce6f-435c-ba49-88d04b6305e4,volkswagen
89ffc94d-4302-4010-8264-8a94d4752d00,bmw
d79ad63a-88a4-41e5-b70c-2fd4753ad88e,dodge
52b0bc51-43e7-4891-9f56-16468dcc300c,hyundai
4acd6121-654a-4c3a-a9b3-72258e449f12,lexus
0509101d-1a7a-4254-b3cc-7825a6c5f518,nissan
6da76bc8-e890-4dc9-80e2-496d403601cf,toyota
2ef19ba3-f2d9-45fb-97b4-aa89bbe4963c,gmc
80d1941c-dafe-4e9d-a5a7-980d516fd734,mercedesbenz
2059bf01-0c7d-4a79-b270-42beae332ce7,jeep
7b8f91ab-ff0c-47fe-9961-3c3fbdb9947e,subaru
6c4efb66-ddff-4ba1-aa0f-5059773d3142,chevrolet
2343ea58-62dc-4169-8bcb-5096378cbf25,volvo
0abc0a97-2a28-409f-a9c3-23cf91a8a4c2,harley
00af07e1-e9bb-457c-afa5-1165d0f3af09,landrover
43bba638-bfac-4646-b3fe-050bc4ee4467,acura
dcfd73f6-137e-43cc-923c-0219774eaa1c,buick
7cb2a53c-34bd-4e32-b2ec-7154294f331c,freightliner
9dc4590d-1efa-4bb8-b6cf-5766c0a8096c,international
ee3e9456-79fe-4c1e-81d6-bc11f07e4c1f,jaguar
b3644104-6416-4bf1-a1ec-adf7d0791d71,lincoln
e4534d4a-dd7e-47eb-a7b9-ea383dbc5e7c,mini
47780c80-412b-46b4-9dc7-b6c637f09fb8,polaris
497745f0-583d-41fa-bf96-34afbdca1170,porsche
3effd6c6-9882-4991-a84d-8612dbacff25,ram
d03efe60-4676-4224-ba44-cc00c993dc74,yamaha
80a244f9-24f3-49f7-953d-1393660799a5,hummer
a677b745-369c-4e96-b00e-0179b60231a3,isuzu
1d43d5e0-5a97-4b66-9295-6f5eff709baa,lamborghini
a51e3f22-19ed-44b5-8243-58a8168adca3,lotus
d32c91c2-29cd-4fc2-93f0-4ea1f0893a2d,maserati
f97cfbc9-4722-4141-8c81-4b68ee995e82,rollsroyce
84087ddb-88da-40d6-81df-0d7613edcc5f,saab
51761ca5-31c8-4cfe-8cd9-657d404a514c,scion
